{
  "approachAngles": [135, 140, 145],
  "heightAboveGround": 1.1,
  "subjectRadius": 0.35,
  "subjectInitDistanceMin": 20,
  "subjectInitDistanceMax": 30,
  "subjectSpeedMin": 0,
  "subjectSpeedMax": 14,
  "lagCoefficient": 1.02,
  "targetRadius": 0.35,
  "targetInitDistance": 45,
  "targetInitSpeeds": [11.25, 9.47, 8.18],
  "timeToChangeSpeedMin": 2.5,
  "timeToChangeSpeedMax": 3.25,
  "targetSpeedChangeDuration": 0.5,
  "targetSpeedMin": 10,
  "targetSpeedMax": 20,
  "targetSpeedMean": 15,
  "targetSpeedStdDev": 5,
  "trialRepetitionsPerBlock": 10,
  "blocksPerSession": 4
}